scenario,start,arm,eff_seeds,eff_median,eff_worst,med_limit,p95_limit,k_win,adapt_ok_of_5,L1,L2,L3
S2,20,A,0.495|0.495|0.495|0.495|0.495,0.495,0.495,20,20,40,0,false,false,true
S2,20,B-grow,0.000|0.000|0.000|0.000|0.000,0.000,0.000,200,200,40,0,false,false,true
S2,20,B-gated,0.495|0.495|0.495|0.495|0.495,0.495,0.495,20,20,40,0,false,false,true
S2,20,C1,0.190|0.186|0.184|0.177|0.195,0.186,0.177,7,11,40,0,false,false,true
S2,20,C2,0.000|0.000|0.000|0.000|0.000,0.000,0.000,200,200,40,0,false,false,true
S2,20,C1b-diag,0.906|0.912|0.908|0.915|0.916,0.912,0.906,43,47,40,0,true,true,true
S2,150,A,0.000|0.000|0.000|0.000|0.000,0.000,0.000,150,150,40,0,false,false,true
S2,150,B-grow,0.000|0.000|0.000|0.000|0.000,0.000,0.000,200,200,40,0,false,false,true
S2,150,B-gated,0.000|0.000|0.000|0.000|0.000,0.000,0.000,150,150,40,0,false,false,true
S2,150,C1,0.190|0.185|0.188|0.178|0.192,0.188,0.178,8,11,40,0,false,false,true
S2,150,C2,0.000|0.000|0.000|0.000|0.000,0.000,0.000,200,200,40,0,false,false,true
S2,150,C1b-diag,0.856|0.837|0.860|0.916|0.851,0.856,0.837,46,50,40,0,true,true,true
S1,20,A,0.495|0.495|0.495|0.495|0.495,0.495,0.495,20,20,40,0,false,false,true
S1,20,B-grow,0.554|0.554|0.554|0.554|0.554,0.554,0.554,200,200,40,0,false,false,true
S1,20,B-gated,0.495|0.495|0.495|0.495|0.495,0.495,0.495,20,20,40,0,false,false,true
S1,20,C1,0.190|0.186|0.184|0.177|0.195,0.186,0.177,7,11,40,0,false,false,true
S1,20,C2,0.554|0.554|0.554|0.554|0.554,0.554,0.554,200,200,40,0,false,false,true
S1,20,C1b-diag,0.967|0.968|0.966|0.967|0.969,0.967,0.966,115,122,40,0,true,false,true
S1,150,A,0.858|0.857|0.856|0.856|0.857,0.857,0.856,150,150,40,0,true,false,true
S1,150,B-grow,0.554|0.554|0.554|0.554|0.554,0.554,0.554,200,200,40,0,false,false,true
S1,150,B-gated,0.858|0.857|0.856|0.856|0.857,0.857,0.856,150,150,40,0,true,false,true
S1,150,C1,0.186|0.184|0.182|0.179|0.193,0.184,0.179,7,10,40,0,false,false,true
S1,150,C2,0.554|0.554|0.554|0.554|0.554,0.554,0.554,200,200,40,0,false,false,true
S1,150,C1b-diag,0.967|0.966|0.967|0.968|0.968,0.967,0.966,115,123,40,0,true,false,true
S3,20,A,0.989|0.989|0.990|0.990|0.990,0.990,0.989,20,20,20,5,true,true,true
S3,20,B-grow,0.015|0.015|0.015|0.015|0.014,0.015,0.014,200,200,20,0,false,false,false
S3,20,B-gated,0.989|0.989|0.990|0.990|0.990,0.990,0.989,20,20,20,5,true,true,true
S3,20,C1,0.378|0.392|0.360|0.353|0.391,0.378,0.353,7,11,20,0,false,false,false
S3,20,C2,0.015|0.015|0.015|0.016|0.014,0.015,0.014,200,200,20,0,false,false,false
S3,20,C1b-diag,0.967|0.965|0.965|0.967|0.966,0.966,0.965,57,62,20,5,true,false,true
S3,150,A,0.114|0.114|0.111|0.114|0.114,0.114,0.111,150,150,20,0,false,false,false
S3,150,B-grow,0.015|0.015|0.015|0.016|0.015,0.015,0.015,200,200,20,0,false,false,false
S3,150,B-gated,0.114|0.114|0.111|0.114|0.114,0.114,0.111,150,150,20,0,false,false,false
S3,150,C1,0.371|0.356|0.358|0.365|0.387,0.365,0.356,7,11,20,0,false,false,false
S3,150,C2,0.015|0.015|0.015|0.016|0.015,0.015,0.015,200,200,20,0,false,false,false
S3,150,C1b-diag,0.967|0.968|0.966|0.970|0.966,0.967,0.966,57,62,20,5,true,false,true
S4,20,A,0.495|0.495|0.495|0.495|0.495,0.495,0.495,20,20,40,0,false,false,false
S4,20,B-grow,0.553|0.553|0.555|0.553|0.551,0.553,0.551,200,200,40,0,false,false,false
S4,20,B-gated,0.495|0.495|0.495|0.495|0.495,0.495,0.495,20,20,40,0,false,false,false
S4,20,C1,0.189|0.196|0.181|0.177|0.195,0.189,0.177,7,11,40,0,false,false,false
S4,20,C2,0.553|0.553|0.555|0.553|0.551,0.553,0.551,200,200,40,0,false,false,false
S4,20,C1b-diag,0.968|0.967|0.966|0.969|0.966,0.967,0.966,115,123,40,5,true,false,true
S4,150,A,0.857|0.859|0.858|0.858|0.856,0.858,0.856,150,150,40,5,true,false,true
S4,150,B-grow,0.553|0.553|0.555|0.553|0.551,0.553,0.551,200,200,40,0,false,false,false
S4,150,B-gated,0.857|0.859|0.858|0.858|0.856,0.858,0.856,150,150,40,5,true,false,true
S4,150,C1,0.183|0.192|0.181|0.180|0.199,0.183,0.180,7,11,40,0,false,false,false
S4,150,C2,0.553|0.553|0.555|0.553|0.551,0.553,0.551,200,200,40,0,false,false,false
S4,150,C1b-diag,0.968|0.967|0.966|0.969|0.966,0.967,0.966,115,123,40,5,true,false,true
